video,nb_shots
Bavc-GossipChismeDeborah157,392
WybaK-MIRACLEKAABAAVOIR920,139
Drinkart-MakersMarkEggNogArtOfTheDrink51899,127
Drinkart-SingaporeSlingArtOfTheDrink50269,113
Mediagrouptv-CircuitoOff2008Day01OpeningParty179,80
KELLYTV-PRECIOUSMOVIETRAILERBYTYLERPERRYNORRAH403,74
Ironmanrecords-LastUnderTheSunTheDon758,72
NickDutch-FreeTarotReadings127,69
Mtaatv-AYFeatAvrilLeoRemix882,64
KELLYTV-IFIWASYOURMANBYJOE111,63
GVTVNEWS-GVTVNews010308NCTV11Part2854,62
KELLYTV-ANGELSANDDEMONSFEATURETTE369,60
Publicdomain-humorous_funny_faces_1906278,59
Celluloidremix-Cellushape912,56
Sabbah-ZionismVsJudaism498,50
JeffBrooks-CarCraftNationals2008CorvetteZ06181,50
TLDM-CharismaticDelusionPart1Of4741,47
Bavc-GustavosStoryHistoriaDeGustavoIvonne893,47
Mediagrouptv-SecondSexeTintoBrassKickTheCockCircuitoOff2008Day04684,46
SEEPROGRESS-ANewEconomicEngineEnergyInThe21stCentury798,43
Bavc-MyPrinceCharmingMiPrincipeAzulVeronica726,43
Marquisdejolie-VALiars489,42
Politicallunch-PoliticalLunch100208VPDebateSnack646,41
Underlab-ShortFilmsDawnDubrielsTheLastDutchess521,40
PDXK-DrillBabyDrillAtTheRNC569,39
Johnlieberman-FoodgangFrenchRestaurantMiamiBeachSurfsideReviewByJohnL624,37
TheJAMAREPORT-STUDYSHOWSCHANGEINLIFESYTLEHABITS389,36
TheEpicSeason-VailResortsPresentsKeystoneColorado964,36
TLDM-TheMiraculousStoryOfBaysidePart7Of11111,36
EngenderHealth-www3for1orgFromEngenderHealth990,35
Johnlieberman-SpecchioItalianRestaurantMiamiBeachSurfsideReviewByJohn753,34
Opiatefilms-BasketcaseActionscifiWebseriesPilot459,34
TheJAMAREPORT-WEIGHTLOSSDRUGSHOWSPROMISEFORHELPINGTHOSEWITHCORONARYH748,34
Politicallunch-PoliticalLunch092308150StrategySnack991,33
Legourmettv-BraisedVealInStout230,32
TheJAMAREPORT-STUDYFINDSMANYCHILDRENARENOTGETTINGTHEPHYSICALACTIVITY334,32
TheJAMAREPORT-TESTOSTERONESUPPLEMENTATIONNOTBENEFICIALINCOMBATINGMOSTEF226,32
Politicallunch-PoliticalLunch090608BrunchSpecial10Lessons852,31
TheJAMAREPORT-GENEMUTATIONMAYHELPEXPLAINDIFFERENCEINLUNGFUNCTIONAMONG450,31
MeetCleaverTheatre-MCTTribulation99ZELDA494,31
TheJAMAREPORT-WOMENWHOQUITSMOKINGCANDECREASETHEIRRISKOFCERTAINFATAL707,31
Chuckm-SummerInTheCityACappella546,30
TheJAMAREPORT-WOMENREMAINATRISKFORBREASTCANCERTHREEYEARSAFTERSTOPPIN770,30
Politicallunch-PoliticalLunch042108930,30
Thatsportsshow-TwitsTwitterAndMattStraqsHeadExploding895,30
Lorenzosmusic-DrinkinByMyselfLorenzosMusic722,30
Marquisdejolie-PennyArcadeOfMyEarlyStuff522,29
TheJAMAREPORT-STUDYFINDSMARIJUANASMOKINGISRISKFACTORFORGUMDISEASE519,29
SceneStealers-IronManMovieReviewBySceneStealerscom872,29
TheJAMAREPORT-MONITORINGBLOODPRESSUREATHOMEANDONASECUREWEBSITEMAYH793,29
Legourmettv-HowToMakeAGrahamCrackerCrust902,29
Culinarymedia-CMNVideoDiscoveringColonialVirginia791,29
Legourmettv-HowToMakeEggMeringue127,29
MeetCleaverTheatre-MCTBlackSheep339,28
SEEPROGRESS-ApollosFireIgnitingAmericasCleanEnergyEconomy987,28
TheJAMAREPORT-BABIESBORNPREMATUREMAYHAVECONTINUEDHEALTHRISKSDURINGCHI237,28
Opiatefilms-SimonEmilyFHTAPromoHQ175,28
ClaudeBesson-JOYEUXNOEL355,27
TheJAMAREPORT-FATNESSVERSUSFITNESSCARDIOVASCULARFITNESSAPPEARSMOREIMPOR970,27
TheEpicSeason-VailResortsPresentsBeaverCreekColorado743,27
Spindaily-IndependentSpiritAwardsRedCarpetStyle623,27
Politicallunch-PoliticalLunch042508736,27
Solique-TheRapeOfEuropaReview951,27
Thatsportsshow-ThatSportsShowPartyBoatsAndGunshots852,26
TheJAMAREPORT-STUDYFINDSDIVERSITYWITHINUSMEDICALSCHOOLSHELPSTOTREATA629,26
TheJAMAREPORT-ADULTSTEMCELLSAREHELPINGPATIENTSWITHAUTOIMMUNEDISEASESA376,26
TheJAMAREPORT-SOMEPATIENTSNOTABLETOAFFORDPRESCRIPTIONSDESPITEENROLLING660,26
Politicallunch-PoliticalLunch040908974,26
TheJAMAREPORT-PATIENTSLIVINGINRURALAREASARELESSLIKELYTORECEIVEORGAN429,26
VirginBob-CourteenersToHeadlineNextVFestival406,26
TheJAMAREPORT-HOSPITALIZEDPATIENTSARELESSLIKELYTOSURVIVECARDIACARREST590,26
Thatsportsshow-ThatSportsShowWeHardlyKnewYe621,25
TheJAMAREPORT-CHANGESTOMEDICAREANDACCESSTOCAREFORCANCERPATIENTS318,25
Drinkart-SharkIceArtOfTheDrink67614,25
TheJAMAREPORT-STUDYFINDSBVITAMINSDONOTHELPPREVENTHEARTATTACKSORSTRO962,25
TheJAMAREPORT-STUDYFINDSRACIALDISPARITYNOLONGERASSOCIATEDWITHNATIONSC280,25
TheJAMAREPORT-ADVANCESINGENETICMEDICINEAREGREATBUTSOMEHEALTHCAREWORKE804,25
TheOintment-WithFriendsLikeThese940,25
TheJAMAREPORT-COSTOFTREATINGSPINEPROBLEMSINCREASESBUTPATIENTSONAVERAG415,25
GVTVNEWS-GVTVNews070307540,25
TheJAMAREPORT-VIAGRAAPPEARSTOHELPTREATANTIDEPRESSANTRELATEDSEXUALSIDE318,25
Politicallunch-PoliticalLunch022908795,25
Weldon-DrHollingsworthAcupuncture313,24
TheJAMAREPORT-BISPHENOLAASSOCIATEDWITHANINCREASEDRISKOFDISEASEINADUL565,24
TheJAMAREPORT-OBESITYLEVELSAMONGCHILDRENANDTEENSSTABILIZE688,24
TheJAMAREPORT-ROUTINECARDIACCATHETERIZATIONBENEFITSSOMEWOMENWITHHEARTD782,24
TheJAMAREPORT-COMBINATIONOFMAMMOGRAPHYANDULTRASOUNDINCREASESDETECTIONOF782,24
Teatips-TeaTipsEpisode14CravingTeas761,24
Legourmettv-1860BeerBrewingPart3901,24
Legourmettv-CleaningMussels450,24
TheJAMAREPORT-RESEARCHERSIDENTIFYPREDICTORSFORSPINEFRACTURESMOSTCOMMON338,23
TheJAMAREPORT-STJOHNSWORTDOESNOTIMPROVESYMPTOMSOFATTENTIONDEFICITHYPE461,23
TheJAMAREPORT-VITAMINEIMPORTANTTOPHYSICALHEALTHASYOUAGE908,23
TheJAMAREPORT-FAMILYHISTORYOFCOLORECTALCANCERMAYIMPROVECHANCEOFSURVIV604,23
TheJAMAREPORT-HIVINFECTIONRATESINUSHIGHERTHANFIRSTTHOUGHT184,23
Publicdomain-advertisment_aurora_drag_race_set681,23
Wardy-Episode36CheeseSteak697,23
TheJAMAREPORT-STUDYMEASURESPREVALENCEOFCANCERCAUSINGGENEMUTATIONINHISP365,22
Thatsportsshow-ThatSportsShowMarburyPitBullsAndInterns384,22
Thatsportsshow-ThatSportsShowBlazingShootingAndCrossDressing920,22
Palau2-SeasonOfServiceOverviewForCatalyst393,22
Politicallunch-PoliticalLunch031108TuesdaySnack693,22
Politicallunch-PoliticalLunch022108ThursdaySnack106,22
Stupidfamouspeople-MileyCyrusChecksOutOfHerHotelInNewYorkCity258,22
Politicallunch-PoliticalLunch052708875,22
TheJAMAREPORT-STUDYFINDSASSOCIATIONBETWEENDIABETESANDDEPRESSION881,22
TheJAMAREPORT-TEENAGERSWHODONATEBLOODMAYEXPERIENCEANADVERSEREACTION941,21
Legourmettv-RibNChickenSpiceRubRecipe479,21
TheJAMAREPORT-MILITARYTROOPSRETURNINGFROMCOMBATMAYEXPERIENCEBINGEDRINK180,21
TheJAMAREPORT-STUDYFINDSGINKGOBILOBADOESNOTHELPPREVENTDEMENTIAANDALZ761,20
DigitalFrontiers-ApolloBeyondCh21Of21TheFinalSolution255,20
TheJAMAREPORT-LOWERBLOODPRESSUREANDCHOLESTEROLTARGETSFORDIABETICSMAYR892,20
DetrimentalInformati-BattleForTheTenCommandments529,20
TheJAMAREPORT-STUDYFINDSSIGNIFICANTDIFFERENCESINCARDIACARRESTINCIDENCE764,20
Stupidfamouspeople-PaparazziFootageOfKateBosworthBoyfriendJamesRousseauIn611,20
SEEPROGRESS-CleanMyRideFlexMyFuelStarringBenAffleckMattDamonCen180,20
Scottyiseri-SGAOJS02E24306,20
Stupidfamouspeople-PaparazziVideoOfKateBosworthAndBoyfriendJamesRousseauIn959,19
Repgeorgemiller-CongressPassesLandmarkEnergyBill633,19
TheJAMAREPORT-STUDYFINDSPOPCORNNUTSANDCORNDONOTINCREASETHEINCIDENCE585,19
TheJAMAREPORT-STUDYFINDSHIGHDOSEINTAKEOFTHREEBVITAMINS578,19
TheOintment-FakeHillaryClintonAdExperienceMatters814,19
Politicallunch-PoliticalLunch093008BailoutBillBlameGameSnack740,19
Politicallunch-PoliticalLunch032508TuesdaySnack271,19
TheJAMAREPORT-STUDYFINDSPHYSICALACTIVITYMAYHELPIMPROVECOGNITIVEFUNCTIO827,19
Thatsportsshow-ThatSportsShowTerrellOwens985,18
ChefsLine-PastaFrittata697,18
Politicallunch-PoliticalLunch112007TuesdaySnack438,18
Publicdomain-advertisment_ge_bender408,18
Politicallunch-PoliticalLunch042908TuesdaySnack650,17
Labambola-Teaser20DelVideobookDeCristinaDominguez639,17
Muzik4machines-MuddyMilfshakeMuzik4MachinesNewRoomIMovie743,17
Marcdavid-BurnTheFatInnerCircleVideoTour518,17
TLDM-TheMiraculousStoryOfBaysidePart3Of11630,17
TheJAMAREPORT-STUDYFINDSHIGHDOSEINTAKEOFTHREEBVITAMINSDOESNOTREDUCE116,17
Legourmettv-PEIFoodFestivals124,16
Eduardoquezada-QuerenciaCancionInterpretadaPorLosHnosQuezada599,16
KELLYTV-LIFEAFTERDEATHJAMALWOODARDSOULSNATCHER818,16
Politicallunch-PoliticalLunch101408ProtectingYourVote472,16
Politicallunch-PoliticalLunch090908TuesdaySnack967,16
Bluecanoerecords-NabilKhemir770,16
GolfLifeTips-HitLongDrivesWithThisPowerTip197,16
TheJAMAREPORT-STUDYFINDSBETTERQUALITYOFLIFEFORTERMINALLYILLPATIENTSW666,16
Publicdomain-advertisment_sunbeam_bread_1400,16
Barandide-CarmenTrailer259,16
Politicallunch-PoliticalLunch041508TaxDaySpecial648,16
Mtaatv-CannibalIWish186,16
Newsdate2011-Episode1ADevilOnMyDesk541,16
TheJAMAREPORT-STUDYFINDSHIGHDOSEINTAKEOFVITAMINSCEDOESNOTREDUCERIS816,16
Palau-PortlandCityFestPromo682,16
Politicallunch-PoliticalLunch031808TuesdaySnack327,16
TheJAMAREPORT-MERCKFAILSTODISCLOSEMORTALITYRISKASSOCIATEDWITHVIOXX529,15
TheEpicSeason-JesseCsincsak357,15
Thatsportsshow-ThatSportsShowThugsPunksAndMarkCuban250,15
ChefsLine-KansasCityBarbecueSauce196,15
Wardy-RestaurantFoodFastEpisode24494,15
KELLYTV-SOUTHERNENTERTAINMENTAWARDSVOTE4KANERIDIAMOND211,15
SEEPROGRESS-BalacingTheBudgetIraqCostsShouldntStopInvestingInAmeric453,15
Sgallasch-wwwgmvcomau_rich_gaspari446,15
UBM-02050dManchildAndBride04944,15
Legourmettv-CajunSpiceRubRecipe979,15
TheOintment-WeekInReview4408583,15
Sgallasch-wwwgmvcomau_MelvinAnthony_Contest_Ready229,15
Politicallunch-PoliticalLunch041008GayRightsThursdaySnack297,14
Stupidfamouspeople-SofiaCoppolaArrivesToMarcJacobsSpring2009InNewYorkCit929,14
Stupidfamouspeople-JenniferLopezAndVictoriaBeckhamArriveToTheMarcJacobsSp767,14
SynchroTheatre-123VideoTrailer550,14
Solique-CinemaSceneDiscussionsMilosForman782,14
Golf-QolfGameHighlight190,14
Dinap830-GE22QuadsInnerHotness754,14
Publicdomain-advertisment_us_steel_1373,14
Jake-JeanMichelJarreOxygenePlayedByMeOnTheKeyboard480,14
Politicallunch-PoliticalLunch042408ThursdaySnack939,14
Griotgreg-TheVeggieCar998,13
Dinap830-GE50PostPartyTwist630,13
Golf-PuttingOnFastGreens920,13
Sgallasch-wwwgmvcomau_gmv019dvd198,13
Politicallunch-PoliticalLunch011508597,13
Publicdomain-advertisment_tide619,13
Politicallunch-PoliticalLunch081208TuesdaySnack407,13
Fcumtv-FCUnitedVAshtonUnited250309THEGOALS940,13
Politicallunch-PoliticalLunch050808MichiganSnack528,13
Cariblifecentral-3EnergyGodElephantManMiamiDancehallConcert780,13
CutthroatMolloy-AskScuurvy607,13
Griotgreg-BentleyContientalGT224,12
TheOintment-TaxDeadline756,12
Griotgreg-NissanAltimaCoupe487,12
CookingUpAStory-BackyardChickensTourDeCoops216,12
SnitcherTV-SnitcherHardcoreBluesII362,12
Sgallasch-wwwgmvcomau_2006_NABBA_Universe894,12
Stupidfamouspeople-TomCruiseAndKatieHolmesReturnHomeAfterAllMySonsOpenin152,12
Legourmettv-HotAndSpicyGrillRub861,12
Politicallunch-PoliticalLunch102108TuesdaySnack635,12
VirginBob-VFestivalStealsTheSunshine834,12
RVO174-Episode17Persimmons850,12
EconomyInCrisis-EconomicIlliteracy922,11
GVTVNEWS-GVTVNews010508NCTV11Part2805,11
Dinap830-GE84PitsOpenNoBlues628,11
Sgallasch-wwwgmvcomau_GMV318DVD211,11
Sgallasch-2008ArnoldStrongmanClassicDVDPreview792,11
Weldon-BradyWiederholdKneeDrill2380,11
Poetminor158-BllyLittleInterview663,11
Sgallasch-wwwgmvcomau_V195DVDDennis832,11
Politicallunch-PoliticalLunch051308111,11
Libationblog-JDSmoothieDrink389,11
TheOintment-DaddysUterusAndOtherStories958,10
TheJAMAREPORT-RESEARCHERSSTUDYUSFAMILIESINWHICHATLEASTONEPARENTHASH276,10
QueerAsFaith-MyLifeIsInYou910,10
Fcumtv-FCUnitedVBradfordParkAvenueNPL250409GOALS284,10
Dinap830-GE75TwoGurusADoOver839,10
Publicdomain-advertisment_jet_national563,10
Publicdomain-advertisment_ivory_soap497,10
CutthroatMolloy-VictorianBushfiresBenefitGigSUNMarch1stMonstrothic235Ed551,10
Lauraflanders-GRITtvPhyllisBennisCommentary874,10
Sgallasch-wwwgmvcomau_GMV648DVDpriest842,10
Dinap830-GE36EwLocusts586,10
TheOintment-ObamaClintonGrudgeMatch758,10
TheOintment-EncoreSuperTuesdayUpdate896,10
Luukdiphoorn-InternationalWaterHouseWithoutWater460,10
Publicdomain-advertisment_folgers_coffee_8927,10
TLDM-TheMiraculousStoryOfBaysidePart10Of11607,10
Spindaily-LAFashionWeekVerusNewYorkFashionWeek327,9
Publicdomain-advertisment_sunbeam_bread_4359,9
Lauraflanders-TheFWordAugust182008896,9
SceneStealers-SceneStealerscomRedesignTeaser1666,9
Dinap830-GE93AlmostAtPeakPoseStretches509,9
Rhayes-Refresh08TuesdayMorning600,9
Nitaai-07Rathayatra981,9
Sgallasch-wwwgmvcomau_V203DVD106,9
TheOintment-HappyMothersDay180,9
TheOintment-BlackAndWhite502,9
ChefsLine-IsraeliCouscous910,9
Publicdomain-advertisment_folgers_coffee_10207,9
TheOintment-JuniorSuperTuesday715,9
Griotgreg-2009AcuraTLSHAWD834,9
Publicdomain-advertisment_folgers_coffee_5754,9
SEEPROGRESS-USIraqPolicyNeedsAStrategicResetDrLawerenceKorbOnRec361,9
Libationblog-CucumberCupCocktailRecipe810,9
Bluecanoerecords-JosephPatrickMooreTalksAboutMilesDavis954,9
Legourmettv-MontrealSteakSpiceRecipe377,9
Craigleach21-MultiMovements433,9
Golf-YesDonnaPutter794,8
TheOintment-FridayFreshness590,8
Legourmettv-CuminSaladDressingRecipe423,8
SEEPROGRESS-TheYahooMicosoftMergerHowPrivateIsYourPrivacyOnline274,8
TheOintment-GasPain438,8
TheOintment-4000th264,8
Runadun-2008AnEggOdyssey534,8
Stupidfamouspeople-LindsayPriceAndBoyfriendRobertBuckleyOutAndAboutInNew188,8
Palau2-PortlandCityCouncilMeetingNickFishCommentsOnSeasonOfSe206,8
Publicdomain-advertisment_newport_cigarettes_1259,8
ChefsLine-SpicyLambBurgersWithRaita938,8
Studiomuscle-DanielJohnstonTheLastSong904,8
Petepo-DriveLessSaveMoreInfomercial904,8
Lauraflanders-TheFWordMourningStephanieTubbsJonesAugust212008222,8
FinancialAidPodcas-2008SuperBowlXLIIAdFromTheStudentLoanNetwork346,8
Culinarymedia-ChefMarksQuickBitesBlackGarlic132,8
Stupidfamouspeople-PaparazziFootageOfArtieLangOfHowardSternJokingWithFans826,8
Politicallunch-PoliticalLunch100708TuesdaySnack145,8
Rhayes-TheFoundationForEvangelismWhatWeFund393,8
Griotgreg-2010LexysHS250h753,8
Culinarymedia-QuickBitesWalesNationalBotanicGarden555,7
SEEPROGRESS-TheHealthCareCrisis47MillionCantAffordToGetSick131,7
Publicdomain-advertisment_norelco_shaver677,7
Bluecanoerecords-DatzIt241,7
TheOintment-MondayMadness320,7
SEEPROGRESS-ClimateChangeTheStateOfTheUnionASKTHEEXPERTDanWeis539,7
Stupidfamouspeople-KimoraLeeSimmonsDjimonHounsouArriveToMarcAnthonys40th435,7
TheOintment-NotSoSuperDelegates487,7
Griotgreg-HondaInsight305,7
Dinap830-GE42ExercisesNotNice773,7
Sgallasch-wwwgmvcomau_GMV344360,7
TheOintment-ClintonAccusesObamaOfPlagiarism180,7
Stupidfamouspeople-PaparazziFootageOfJennyLewisAtLateShowWithDavidLetterm133,7
Plus1tv-BarcraftTrailer801,7
Lauraflanders-TheFWordJuly232008742,7
Fbchattiesburg-OComeOCome735,7
Acnethai-EP4HowToMakeUpForAcneFromBobbiBrown565,7
PDXK-CyclocrossCrusadeAlpenroseRacePromo841,7
Stupidfamouspeople-AdimariLopezLuisFonsiArriveToMarcAnthonys40thBirthday894,7
Maqex-AmorDeMadreLuisEnriqueMejaGodoy431,7
Anglicantv-FCA2009ArchbishopVenables921,7
Publicdomain-advertisment_mennen_baby_magic442,7
Stupidfamouspeople-PaparazziFootageOfJennyLewisAtLateShowWithDavidLetterm317,7
VirginBob-VFestivalPerthAustraliaPart4584,7
TheOintment-WeekInReview22208481,7
Lauraflanders-GRITtvCommentaryJune232008546,7
Marquisdejolie-VisitingTheShelterPart3147,7
Eduardoquezada-EduardoQuezadaEscandonEditorial419,6
Golf-GolfTipStopTheThoughtProcessAndStartFeeling612,6
Elinertv-CurtMegaAndLightInThePiazza111,6
Stupidfamouspeople-PaparazziFootageOfBenAffleckAndJenniferGarnerWithoutBab353,6
Stupidfamouspeople-PaparazziFootageOfRickyGervaisAtLateShowWithDavidLette756,6
Ironmanrecords-LastUnderTheSunNotInMyName2004Breizh383,6
Oneteaaweek-OneTeaAWeekIntroductionVideoPodcast418,6
Stupidfamouspeople-JohnMayerAndBrotherCarlMayerLeaveNobuRestaurantInNewY868,6
Sgallasch-Melvin_BlackandWhite352,6
Lauraflanders-TheFWordSeptember82008269,6
Sgallasch-SUSANBORGFIGURECHAMPIONMAGNIFICENTMALTESEMUSCLE122,6
Publicdomain-advertisment_sunbeam_bread_9274,6
VirginBob-CutCopyVFestivalMelbourne450,6
VirginBob-VFestivalPerthAustraliaPart3367,6
Golf-GolfTipLoosenUpTheGolfSwingAndStartFeeling469,6
Sgallasch-wwwgmvcomau_al_beckles640,6
Jasonheath-BassByChrisThrelkeldWiegand763,6
Stupidfamouspeople-JayZAndKanyeWestLeaveMarcJacobsSpring2009FashionShowI466,6
Sgallasch-wwwgmvcomau_GMV659DVD772,6
SceneStealers-SceneStealerscomRedesignTeaser2723,6
Hrocus-JanAngel693,6
Lauraflanders-TheFWordSeptember32008677,6
Stupidfamouspeople-PaparazziFootageOfJackBlackShowingOffHisKungFuPandaSk629,6
SynchroTheatre-SnowQueenTeaser651,6
Dinap830-GE96WallNStrapStretching900,6
Culinarymedia-QuickBitesHawaiiKapaluaFarmsComposting226,6
Sgallasch-wwwgmvcomau_ahmadhaidar918,5
Lauraflanders-TheFWordAugust192008478,5
Stupidfamouspeople-PaparazziFootageOfBrookeShieldsAndGinaGershonInNewYork651,5
Stupidfamouspeople-PaparazziFootageOfKellyRutherfordWithHusbandAndBabySon620,5
Anglicantv-FCA2009RevRoberts569,5
Lauraflanders-TheFWordJuly242008216,5
Aabbey1-ShalomHartmanInstitutesInnovativeTheologyConference661,5
Fbchattiesburg-ThisIsOurGod551,5
Culinarymedia-QuickBitesHawaiiMakawaoMushroomsMaui217,5
Marquisdejolie-IWasOnSteroids803,5
Publicdomain-advertisment_crest_toothpaste_1310,5
Stupidfamouspeople-PaparazziFootageOfChampionBoxerRoyJonesJrAtGoodMorning829,5
GolfLifeTips-TaylormadeTourBurnerDriverReview339,5
Dinap830-GE54CockeyedTwistArr876,5
Sgallasch-2008NABBAUNIVERSEDVDPREVIEW975,5
Poetminor158-ReverendJamaulRoots260,5
Publicdomain-advertisment_baggies_plastic_bags573,5
Politicallunch-PoliticalLunch050608PrimaryTuesdaySnack577,5
Dinap830-GE27CoreTransversusSixPack251,5
Lauraflanders-GRITtvFWordJuly92008321,5
Hrocus-norma2891,5
Lauraflanders-TheFWordSeptember92008677,5
Mode2-LeeveyILikeLove494,5
Mcusa-ArmorOfGod942,5
Francoventoso-francomorone6766,5
Lauraflanders-TheFWordJuly92008224,5
Subfightercom-SideToBackPosition330,5
Eddiedotcom-TheCandySong809,5
SPI-ThursdayJuly242008BreakingNewsEdition202,5
Publicdomain-advertisment_sunbeam_bread_8815,5
Anglicantv-FCA2009InterviewWithArchbishopJensenAndArchbishopVeneabl988,5
NickDutch-FreeTarotReadings781,5
Lauraflanders-CommentaryAlexCarlin716,4
Lauraflanders-TheFWordJuly172008163,4
Lauraflanders-TheFWordJuly162008867,4
Publicdomain-advertisment_newport_cigarettes_3657,4
Lauraflanders-GRITtvCommentaryDavidSirotaOnJuly142008673,4
Lauraflanders-GRITtvCommentaryLauraFlandersOnDelMartinsPassing980,4
Sgallasch-wwwgmvcomau_mikeohearn_craigtitus919,4
Stupidfamouspeople-TomCruiseJadaPinkettSmithSneakIntoKatieHolmesPlay566,4
Lauraflanders-TheFWordAugust272008LiveFromDNC258,4
Patrizio_m-50CentFeatJustinTimberlakeAyoTechnologyPatrizioMarchesa792,4
Stevegarfield-MyMomsCookies297,4
Fbchattiesburg-Miracle961,4
Culinarymedia-CMNVideoForkInTheRoadPerSe357,4
Mtaatv-WyreSheSayDat487,4
Lauraflanders-TheFWordWhyIsntRoveInJail919,4
Jasonheath-IanHallasPerformsBottesiniMvt1997,4
Griotgreg-2009VWTOUAREGTDI665,4
Lauraflanders-DavidSirotaCountryFirst158,4
Stupidfamouspeople-PaparazziFootageOfGuitaristStevenVanZandtOfBruceSprings959,4
Lauraflanders-TheFWordJuly142008282,4
Stupidfamouspeople-BradPittAndAngelinaJolieLeavingTheChangelingPremiereIn964,4
VirginBob-PresetsVFestivalMelbourne656,4
GVTVNEWS-GVTVWeather072007743,4
Srnyclips-SportsRadioNYAnimationPromo963,4
Dinap830-GE26BindsThoseBlastedTraps955,4
Publicdomain-advertisment_sunbeam_bread_6984,4
Anglicantv-FCA2009BishopBenn159,4
Lauraflanders-GRITtvCommentaryDedrickMuhammad775,4
Lauraflanders-TheFWordJuly32008736,4
Stupidfamouspeople-JamieOliverTheNakedChefTalksOutsideDavidLetterman750,4
Lauraflanders-GRITtvFeaturesRemixDISAPPOINTMENTStranahan875,4
Wardy-Episode71Announcement737,4
Hrocus-JohnAhern223,3
Stupidfamouspeople-FergieOfTheBlackEyedPeasArrivesAtFashionRocks2008Rehe858,3
Tooncast-TalkLikeAPirateDay993,3
TheWineVault-CentralOtagoVsMarlboroughPinotNoirWVTVEpisode74534,3
Guidonia-LionsPubTivoliLocaleSalsaKaraokePianoBarVillaAdrian479,3
Lauraflanders-TheFWordAugust112008131,3
Talkradionewsservice-CongressmanRoyBluntTalksAboutTheHouseInterruptingTheMem944,3
Lauraflanders-GRITtvCommentaryHeidiBoghosian632,3
NickDutch-TheTarotShowWithNickDutch435,3
Stupidfamouspeople-ClayAikenAvoidsGayQuestionsFromPaparazziAtSpamalot742,3
EconomyInCrisis-PotentialSolutions463,3
Poetminor158-ElderJosephLTolton322,3
Lauraflanders-TheFWordSeptember22008627,3
Lauraflanders-TheFWordAugust282008LiveFromDNC679,3
Nerdgasmic-BattlestarGalacticaRevelations479,3
Lauraflanders-TheFWordAugust132008181,3
Jasonheath-RealitiesOfFulltimeFreelancing244,3
DrinkingWithBob-BritneySpearsIsGoingOnTour210,3
Publicdomain-advertisment_vicks_ny_quil298,3
Lauraflanders-GRITtvCommentaryBrianJones977,3
EconomyInCrisis-TheCostOfFixingTheUS363,3
Etopianewsnow-MarcLawrenceTalksAboutLongTimeNoSee175,3
Lauraflanders-DavidSirotaMakingGoliathWalk993,3
NickDutch-AGhostStory421,3
Microdac-Birds199,3
Poetminor158-ThePoetOfTheMillenium230,3
Lauraflanders-GRITtvCommentarySomeThingsThatNeverChange896,3
EconomyInCrisis-TheEconomyIsWorseThanItAppears264,3
Crashsolo-OneMinuteSemiHomemadeMoneySavingMeals299,3
Hrocus-BruceDammeier493,3
Lauraflanders-DavidSirotaAFunnyThingHappenedOnTheWayToDenver739,3
ClaudeBesson-LesNewsDuCARGOClub218,3
Stupidfamouspeople-PaparazziFootageOfEmmaRobertsJuliaRobertsNieceInNewYor546,3
Publicdomain-advertisment_new_port_cigarettes_5531,3
Etopianewsnow-EdwardBunkerOnTheSocialContractAndSlavery908,3
EconomyInCrisis-FallingUSTaxRevenue222,3
Lauraflanders-TheFWordWhyObamaNeedsANewDealAugust42008168,3
Lauraflanders-GRITtvCommentaryDavidSirotaOnObamaAndCentrism866,3
SEEPROGRESS-ThisWeekInCongressJuly232007CenterForAmericanProgress303,3
Stupidfamouspeople-AngelinaJolieSignsAutographsOutsideTheChangelingMoviePre561,3
Bluecanoerecords-BlessYou868,3
Stupidfamouspeople-BobWeirPhilLeshOfGratefulDeadSignAutographsInNYC882,3
Jasonheath-MyCrazyStandPartner806,3
Publicdomain-advertisment_crest_toothpaste800,3
Sgallasch-wwwgmvcomau_GMV380DVD926,3
Fcumtv-NantwichFACInterviewKyleWilson752,3
Hrocus-BradKlippert400,3
Lauraflanders-TheFWordAugust122008443,2
EconomyInCrisis-RoubinisViewOfRecovery247,2
EconomyInCrisis-TeslaMotors948,2
Aabbey1-RachelSabathBeitHalachmiThreeModelsOfTorahOnCelebrating136,2
Lauraflanders-GRITtvDavidBenderOnTheHillaryRFKFlap225,2
Davidleeking-fun409,2
Acnethai-414,2
Livingasiachannel-DTCCIDSFCOMPETITION190,2
TastingNotesAtDistrict-RoccapiaSangioveseChiantiTuscanyItaly2007862,2
CorrosionDC-MightyMikeSagaAndC365RadioCrashYour4thOfJulyParty655,2
Stupidfamouspeople-PhilCollinsHasNoTimeForHisFansInNewYorkCity729,2
Lauraflanders-TheFWordAugust52008441,2
EconomyInCrisis-MadeInTheUSA595,2
Wyshy-IJoebotConfessional600,2
Clif-Episode1570,2
Spcbrass-AdiosArrivederciAuRevoirAufWiedersehenAndGoodbye626,2
Stupidfamouspeople-UglyAgynessDeynAndAlbertHammondJrOfTheStrokesLeavingM278,2
EconomyInCrisis-AmericasRoots430,2
SynchroTheatre-Hello287,2
Davidleeking-djembe139,2
SEEPROGRESS-TheTyrranyOfDeadIdeasMattMillerHIGHLIGHTS844,2
EconomyInCrisis-JusticeSoutersRetirement978,2
EconomyInCrisis-BailoutInfighting736,2
Eighthrs-HardLuck790,2
Stupidfamouspeople-PaparazziFootageOfCynthiaNixonBeingGrumpyInTheCity519,2
Guidonia-palestraguidoniacollefiorito361,2
Lauraflanders-BillFletcherIranCommentaryOnGRITtv642,2
Guidonia-LionsPubTivoliLocaleSalsaKaraokePianoBarVillaAdrian886,2
ReViewMe-ReViewMeEpisode11TwoForOneTwilightBookAndMovieReview756,2
Publicdomain-advertisment_oldsmobile_2707,2
ClaudeBesson-ROCKAAGORA28012007188,2
Coruway-BaldGuyOnClimateChange001743,2
Daterobertpattinson-RobertPattinsonInLoveShowersKristenStewartWithGifts930,2
Lauraflanders-GRITtvCommentaryMoniqueHarden9308247,2
Dobro33H-CheapThrils651,2
EconomyInCrisis-WarrenBuffettInflationOnTheHorizon879,2
EconomyInCrisis-TheFedTransparencyAct911,2
Stupidfamouspeople-DakotaFanningArrivesToTheTodayShowInNewYorkCity427,2
Stupidfamouspeople-RichardDreyfussLeavesThePremiereOfWInNewYorkCity378,2
Lauraflanders-LiveFromMainstreet902,2
EconomyInCrisis-FalseFlagsOfRecovery150,2
EconomyInCrisis-GMBankruptcy879,2
EconomyInCrisis-ASolutionToTheTradeDeficit674,2
Culinarymedia-CMNVideoCocktailHourBasilMoTeato848,2
Nitaai-00001SoundVibration952,2
EconomyInCrisis-FinancialReform130,2
Lauraflanders-TheFWordJuly22008710,2
Subfightercom-BraboChokeFromHalfGuard226,2
EconomyInCrisis-FixingTheEconomy183,2
EconomyInCrisis-AlternativeFuelsComeback948,2
Stupidfamouspeople-PaparazziSayingHelloToTomCruisesMomAndKatieHolmesParen826,2
Useeblu-BlubrryJamIsComing335,2
EconomyInCrisis-TheAmericanDollar110,2
EconomyInCrisis-TradeDeficitFallsForAllTheWrongReasons193,2
EconomyInCrisis-FearsOfANewRecession436,2
GVTVNEWS-GVTVNews073108NCTV11557,2
Lauraflanders-TheFWordAugust72008ISOLATED484,2
EconomyInCrisis-FreeTradeAndTheClassWar750,2
Lauraflanders-GRITtvCommentaryBillFletcherOnBaseball408,2
Eduardoquezada-CarlosTheInternWinsSingingContest253,1
Grollett-GRoUpdateOnRockForHungerFest3719,1
Barandide-PucciniMadameButterfly740,1
PrivateLessons-PRIVATELESSONSSoundbitesReneeSaxonPhoenixVoice206,1
Stupidfamouspeople-HarveyKeitelLeavesBarneysInNewYorkCity673,1
CutthroatMolloy-WhatCouldBeBetter245,1
Globaldyana-4thOfJulyInMexicoCityAtArroyoRestaurant253,1
Stupidfamouspeople-BoxingAnnouncerMichaelBufferInNewYorkCity949,1
Stupidfamouspeople-LeonaLewisAtFashionRocks2008InNewYorkCityFashionWeek531,1
Stupidfamouspeople-JohnMayerLeavesHisSohoApartmentInNewYorkCity226,1
Francoventoso-3CarloDeSignoribusEAltriBluesOnTheRoad581,1
JillForrest-YogaBabyEpisode21724,1
Teatips-TeaTipsEpisode851952PuerhTea598,1
Heywood-EKGZZLiveMusicVideoCheapSunGlasses717,1
JeffBrooks-WelcomeToScreamFresh457,1
Sgallasch-wwwgmvcomau_V008DVD456,1
Nitaai-02AllPotenciesinHolyName292,1
Publicdomain-advertisment_vitalis876,1
Livingasiachannel-DTCCIDSFCOMPETITION980,1
ReViewMe-FunStuffMyDogLibby508,1
SEEPROGRESS-AfterTheEconomicMeltdown947,1
Gracebible-052409PMRememberPeopleOnMemorialDay592,1
Sgallasch-wwwgmvcomau_gmv430784,1
NickDutch-FreeTarotReadings262,1
VirginBob-WhipcrackinVFestival241,1
Fcumtv-MOTMSamAshtonChatsToFCUMTVAfterNFerriby04_04_09397,1
Mdtmusic-InTheNameOfTheFamilySuite496,1
Stupidfamouspeople-GuadalupeLopezJenniferLopezMotherArrivesToMarcAnthonys4115,1
Rmc-BusLaneWithParkingSpaces977,1
SnitcherTV-SnitcherHardcoreBluesIV328,1
NickDutch-FreeTarotReadings291,1
Dinap830-GE32AlternatingNostrilsBrains976,1
Mdtmusic-Salvation491,1
Stupidfamouspeople-RosiePerezAtTheWMoviePremiereInNewYorkCity493,1
Guidonia-LionsPubTivoliLocaleSalsaKaraokePianoBarVillaAdrian290,1
Critter-InsanityWeek3Day3400,1
Francoventoso-2MarcoCalcinaroECarloDeSignoribusBluesOnTheRoad234,1
NickDutch-FreeTarotReadings465,1
Actorsandcrew-TheBigBreak844,1
Sgallasch-wwwgmvcomau_GMV403DVD541,1
Sgallasch-wwwgmvcomau_Lenda_Murray502,1
TheEpicSeason-VailSnowdaze252,1
NickDutch-TheTarotShowWithNickDutch513,1
Etopianewsnow-RachelMcAdamsExpressesGratitudeToTechnologyAtAMPASTechA158,1
Deepintosports-DeepIntoSportscom51909PlayoffLetdowns846,1
SnitcherTV-SnitcherHardcoreBluesIII417,1
Eclectone-HappyNewYearFromEclectoneRecords790,1
Stupidfamouspeople-KimRaverLeavesMarcJacobsSpring2009FashionShowInNewYor562,1
Lhgreene-RogueOperasLaBohemePromoVideo466,1
InnerBonding-UnderstandingAndOvercomingAddictions970,1
ReViewMe-TsubasaReservoirChronicleVolumes16Unboxing339,1
Spcbrass-RainDrops770,1
Stupidfamouspeople-PaparazziVideoOfMileyCyrusAtZ100AndDeniesAutographHoun625,1
Jasonheath-BassForSaleContactToddMatthewsForDetails997,1
Nitaai-00003JanuKunda829,1
TLDM-TheMiraculousStoryOfBaysidePart11Of11993,1
Sgallasch-wwwgmvcomau_charles_mario868,1
ReViewMe-ReViewMeEpisode14SkilletAwakeAlbumDeluxeEdition473,1
VirginBob-DuranDuranVFestivalMelbourne275,1
Nitaai-00001EveryActionHasReaction589,1
Theexsmoker-WelcomeToTheExSmokercom729,1
Lauraflanders-GRITtvCommentaryDoIHearABidForPatientDebt945,1
Mdtmusic-SpaceAce273,1
EconomyInCrisis-PatChoateGovernment846,1
Etopianewsnow-MarcyWinograds2006CampaignSpot458,1
Aabbey1-InvitationToSummer2009RabbinicalStudySeminarAtHartmanIn262,1
Fcumtv-CharlieOLoughlinChatsToFCUMTVAfterNantwichH130409932,1
Robmumble-QManPromo445,1
Akachan-XF3ARMYProjectPromo360,1
NickDutch-TheTarotShowWithNickDutch568,1
SeraphimWines-SamScarparisWINEPORNOTV17469,1
Lauraflanders-TheFWordAugust142008569,1
Lauraflanders-GRITtvCommentaryMarthaBurk867,1
JimCropcho-jimUglyBetty704,1
Lauraflanders-TheFWordTheEconomyOfGenerosity808,1
Stupidfamouspeople-ChristianCamargoLeavesAllMySonsOnBroadwayInNYC868,1
Deepintosports-DeepIntoSportscom41109LessonsFromNickAdenhart789,1
Stupidfamouspeople-KirstenDunstAtTheHounddogMoviePremiereInNYC985,1
Lauraflanders-GRITtvCommentaryTheFoodCrisis776,1
Guidonia-DisabiliAGuidoniaMontecelio111,1
ReViewMe-LongAnimeSeriesRant505,1
Stupidfamouspeople-KatieHolmesStrollingThroughNewYorkCityAfterLeavingHerD440,1
Deepintosports-DeepIntoSportscom31109WorldBaseballClassicWatchIt345,1
Menomenation-NoahGundersenJesusJesusLiveTheRedRoom3152009756,1
Lauraflanders-FWordJuly72008594,1
Dinap830-GE17HeartOpeningStuff494,1
Nitaai-0004GundichaMarjanaPastime1525,1
Sgallasch-wwwgmvcomau_GMV324DVD144,1
PrivateLessons-PrivateLessonscomSoundbitesNewYorkSingerJacquelynFamilant367,1
